<!DOCTYPE suite SYSTEM "https://testng.org/testng-1.0.dtd" >
<suite name="Test Suite" parallel="tests" thread-count="4">
    <listeners>
        <listener class-name="genericutility.iTestListenerImplementation"/>
    </listeners>
    <parameter name="os" value="Android" />
    <parameter name="product" value="play" />
    <test name="Running Tests on Samsung Galaxy M30s">
        <parameter name="deviceName" value="SamsungGalaxyM30s" />
        <classes>
            <class name="tests.DashboardModuleTest">
                <methods>
                    <include name="tc121_DashboardValueOfTemperatureWhenUnitSystemChangedTest"></include>
                </methods>
            </class>
        </classes>
    </test>
<!--    <parameter name="product" value="play"/>-->
<!--    <test name="Running Tests on iPhone XS">-->
<!--        <parameter name="deviceName" value="iPhoneXS" />-->
<!--        <parameter name="os" value="IOS" />-->
<!--        <classes>-->
<!--            <class name="sampletests.Sample"/>-->
<!--        </classes>-->
<!--    </test>-->
</suite>