<!DOCTYPE suite SYSTEM "https://testng.org/testng-1.0.dtd" >
<suite name="Test Suite" parallel="tests" thread-count="4">
    <parameter name="product" value="play" />
    <test name="Running Tests on Samsung">
        <parameter name="deviceName" value="SamsungGalaxyM30s" />
        <classes>
            <class name="master.TestCaseExecutionClass"/>
        </classes>
    </test>
    <parameter name="product" value="play"/>
    <test name="Running Tests on Redmi">
        <parameter name="deviceName" value="RedmiNote9ProMax" />
        <classes>
            <class name="master.TestCaseExecutionClass"/>
        </classes>
    </test>
</suite>